agent,mean_reward,std_reward,mean_delivered,std_delivered,mean_time_ms,std_time_ms,mean_pair_rate,std_pair_rate,mean_fidelity,std_fidelity,mean_r_op_cost,mean_r_invalid,mean_r_failed,mean_r_engine,mean_r_delivery,mean_r_time
Greedy,47.2002066913374,68.52651715240385,1.475,1.2316492191346429,28.622162499999977,0.656419242905042,51.60371450422088,43.22393423972122,0.8751736912543868,0.021275848598143753,-15.508099999999894,0.0,-79.20000000000033,62.69880672404935,79.23789304678846,-0.028393079500000185
PPO (MDV),3843.30425754212,250.70425891857923,68.605,4.569835003564026,218.79639500000047,527.5355984218542,928.0614268462383,268.0358673329989,0.8588099359961571,5.531804858279117e-05,-15.870100000000004,0.0,-6.999999999999991,234.3096666666652,3631.9838977919594,-0.11920691650000048
Random,73.2395224464923,49.44846955711838,0.825,0.893513757124564,275.95946250000003,738.5428716452283,20.206788121713817,24.370458809347102,0.8670901492309334,0.016170888728356023,-15.420349999999921,0.0,-21.681000000000022,66.47290413065582,44.01936226758676,-0.15139395175000164
Swap-ASAP,106.26422301653221,115.68827773742245,2.535,2.0688585933787227,60320.00632699998,1836.4983214512208,0.04302553240256629,0.03720147431623844,0.8589356895336063,0.00021634463136020995,-5.4607499999999725,0.0,-25.23250000000009,32.9225000000002,134.20553412678203,-30.170561110250222
Swap-ASAP+Purify,225.78965203012544,177.88596269048546,3.43,3.1646762677084337,46.396646000000004,0.6697598952388484,73.62278904661257,67.43186878553956,0.8751113290000102,0.01727352668098107,-16.539349999999992,0.0,-14.683499999999965,72.62770916929775,184.4206438913277,-0.03585103050000017
