agent,mean_reward,std_reward,mean_delivered,std_delivered,mean_time_ms,std_time_ms,mean_pair_rate,std_pair_rate,mean_fidelity,std_fidelity,mean_r_op_cost,mean_r_invalid,mean_r_failed,mean_r_engine,mean_r_delivery,mean_r_time
PPO (MDV),3822.930353407859,229.80575083282375,68.23,4.194648421129526,219.49603300000075,527.532201037618,911.8768853583857,260.8075824787623,0.8588019981380361,5.041642461755616e-05,-15.864550000000007,0.0,-6.9704999999999915,233.78116666666523,3612.1037634009485,-0.11952665975000076
PPO (Metzger repro),-0.25000000000000017,0.0,0.0,0.0,500.0,0.0,0.0,0.0,,,0.0,0.0,0.0,0.0,0.0,-0.25000000000000017
PPO (Reiß+vL repro),-0.25000000000000017,0.0,0.0,0.0,500.0,0.0,0.0,0.0,,,0.0,0.0,0.0,0.0,0.0,-0.25000000000000017
